StockCode,Country,Description,ForecastWeek,ForecastQty
15036,United Kingdom,ASSORTED COLOURS SILK FAN,2011-12-12,136.14230319388213
15036,United Kingdom,ASSORTED COLOURS SILK FAN,2011-12-19,199.91047750984453
15036,United Kingdom,ASSORTED COLOURS SILK FAN,2011-12-26,473.6991511867906
15036,United Kingdom,ASSORTED COLOURS SILK FAN,2012-01-02,566.9019321923347
15036,United Kingdom,ASSORTED COLOURS SILK FAN,2012-01-09,424.0185129969903
15036,United Kingdom,ASSORTED COLOURS SILK FAN,2012-01-16,538.8104540742277
15036,United Kingdom,ASSORTED COLOURS SILK FAN,2012-01-23,684.7182081807082
15036,United Kingdom,ASSORTED COLOURS SILK FAN,2012-01-30,494.5793203309693
16014,United Kingdom,SMALL CHINESE STYLE SCISSOR,2011-12-05,282.3687317653107
16014,United Kingdom,SMALL CHINESE STYLE SCISSOR,2011-12-12,546.285348498251
16014,United Kingdom,SMALL CHINESE STYLE SCISSOR,2011-12-19,432.95612193362194
16014,United Kingdom,SMALL CHINESE STYLE SCISSOR,2011-12-26,316.612531024531
16014,United Kingdom,SMALL CHINESE STYLE SCISSOR,2012-01-02,626.9220263903233
16014,United Kingdom,SMALL CHINESE STYLE SCISSOR,2012-01-09,512.8705399339223
16014,United Kingdom,SMALL CHINESE STYLE SCISSOR,2012-01-16,699.3690598290598
16014,United Kingdom,SMALL CHINESE STYLE SCISSOR,2012-01-23,531.6588947990543
17003,United Kingdom,BROCADE RING PURSE ,2011-12-12,404.1646978021978
17003,United Kingdom,BROCADE RING PURSE ,2011-12-19,427.79165584415585
17003,United Kingdom,BROCADE RING PURSE ,2011-12-26,348.9330649350649
17003,United Kingdom,BROCADE RING PURSE ,2012-01-02,626.9220263903233
17003,United Kingdom,BROCADE RING PURSE ,2012-01-09,596.533076563959
17003,United Kingdom,BROCADE RING PURSE ,2012-01-16,688.2019444444444
17003,United Kingdom,BROCADE RING PURSE ,2012-01-23,657.3111170212767
17003,United Kingdom,BROCADE RING PURSE ,2012-01-30,615.6332418995968
20668,United Kingdom,DISCO BALL CHRISTMAS DECORATION,2011-12-12,1122.0555710955712
20668,United Kingdom,DISCO BALL CHRISTMAS DECORATION,2011-12-19,1635.4139585414587
20668,United Kingdom,DISCO BALL CHRISTMAS DECORATION,2011-12-26,1653.5667363192363
20668,United Kingdom,DISCO BALL CHRISTMAS DECORATION,2012-01-02,875.1218975468976
20668,United Kingdom,DISCO BALL CHRISTMAS DECORATION,2012-01-09,897.6180086580086
20668,United Kingdom,DISCO BALL CHRISTMAS DECORATION,2012-01-16,786.0053571428572
20668,United Kingdom,DISCO BALL CHRISTMAS DECORATION,2012-01-23,839.8403571428571
20668,United Kingdom,DISCO BALL CHRISTMAS DECORATION,2012-01-30,877.806341991342
20713,United Kingdom,JUMBO BAG OWLS,2011-12-12,320.76942365544676
20713,United Kingdom,JUMBO BAG OWLS,2011-12-19,377.7494779730074
20713,United Kingdom,JUMBO BAG OWLS,2011-12-26,390.1007957122243
20713,United Kingdom,JUMBO BAG OWLS,2012-01-02,433.35436334396564
20713,United Kingdom,JUMBO BAG OWLS,2012-01-09,451.71739653181686
20713,United Kingdom,JUMBO BAG OWLS,2012-01-16,558.3740468703205
20713,United Kingdom,JUMBO BAG OWLS,2012-01-23,661.4828106065842
20713,United Kingdom,JUMBO BAG OWLS,2012-01-30,643.1804314420804
20719,United Kingdom,WOODLAND CHARLOTTE BAG,2011-12-12,414.9124502897329
20719,United Kingdom,WOODLAND CHARLOTTE BAG,2011-12-19,401.8366955266955
20719,United Kingdom,WOODLAND CHARLOTTE BAG,2011-12-26,395.3783850578217
20719,United Kingdom,WOODLAND CHARLOTTE BAG,2012-01-02,446.1001990795876
20719,United Kingdom,WOODLAND CHARLOTTE BAG,2012-01-09,576.3948802036539
20719,United Kingdom,WOODLAND CHARLOTTE BAG,2012-01-16,559.8812690925427
20719,United Kingdom,WOODLAND CHARLOTTE BAG,2012-01-23,717.6882081807082
20719,United Kingdom,WOODLAND CHARLOTTE BAG,2012-01-30,576.2478051794541
20723,United Kingdom,STRAWBERRY CHARLOTTE BAG,2011-12-12,298.1169762079993
20723,United Kingdom,STRAWBERRY CHARLOTTE BAG,2011-12-19,249.58203391846246
20723,United Kingdom,STRAWBERRY CHARLOTTE BAG,2011-12-26,295.4905358326031
20723,United Kingdom,STRAWBERRY CHARLOTTE BAG,2012-01-02,358.18407141997204
20723,United Kingdom,STRAWBERRY CHARLOTTE BAG,2012-01-09,307.1368016506303
20723,United Kingdom,STRAWBERRY CHARLOTTE BAG,2012-01-16,301.16506177856206
20723,United Kingdom,STRAWBERRY CHARLOTTE BAG,2012-01-23,459.081257978616
20723,United Kingdom,STRAWBERRY CHARLOTTE BAG,2012-01-30,379.4832690012142
20724,United Kingdom,RED RETROSPOT CHARLOTTE BAG,2011-12-12,527.1019642857143
20724,United Kingdom,RED RETROSPOT CHARLOTTE BAG,2011-12-19,555.6083134920635
20724,United Kingdom,RED RETROSPOT CHARLOTTE BAG,2011-12-26,555.6083134920635
20724,United Kingdom,RED RETROSPOT CHARLOTTE BAG,2012-01-02,617.3156695373184
20724,United Kingdom,RED RETROSPOT CHARLOTTE BAG,2012-01-09,588.8093203309693
20724,United Kingdom,RED RETROSPOT CHARLOTTE BAG,2012-01-16,563.7499085662633
20724,United Kingdom,RED RETROSPOT CHARLOTTE BAG,2012-01-23,563.7499085662633
20724,United Kingdom,RED RETROSPOT CHARLOTTE BAG,2012-01-30,563.7499085662633
20725,United Kingdom,LUNCH BAG RED RETROSPOT,2011-12-12,351.1017433583282
20725,United Kingdom,LUNCH BAG RED RETROSPOT,2011-12-19,249.58203391846246
20725,United Kingdom,LUNCH BAG RED RETROSPOT,2011-12-26,249.58203391846246
20725,United Kingdom,LUNCH BAG RED RETROSPOT,2012-01-02,253.2436676549709
20725,United Kingdom,LUNCH BAG RED RETROSPOT,2012-01-09,265.20963912877073
20725,United Kingdom,LUNCH BAG RED RETROSPOT,2012-01-16,384.9477801253738
20725,United Kingdom,LUNCH BAG RED RETROSPOT,2012-01-23,296.808030528562
20725,United Kingdom,LUNCH BAG RED RETROSPOT,2012-01-30,301.16506177856206
20727,United Kingdom,LUNCH BAG  BLACK SKULL.,2011-12-12,240.75783975417167
20727,United Kingdom,LUNCH BAG  BLACK SKULL.,2011-12-19,211.76018341520657
20727,United Kingdom,LUNCH BAG  BLACK SKULL.,2011-12-26,197.3517402103384
20727,United Kingdom,LUNCH BAG  BLACK SKULL.,2012-01-02,275.59358219077615
20727,United Kingdom,LUNCH BAG  BLACK SKULL.,2012-01-09,321.46384166538684
20727,United Kingdom,LUNCH BAG  BLACK SKULL.,2012-01-16,262.372720613135
20727,United Kingdom,LUNCH BAG  BLACK SKULL.,2012-01-23,331.29900519811525
20727,United Kingdom,LUNCH BAG  BLACK SKULL.,2012-01-30,301.16506177856206
20728,United Kingdom,LUNCH BAG CARS BLUE,2011-12-12,34.73705738705739
20728,United Kingdom,LUNCH BAG CARS BLUE,2011-12-19,13.465822784810126
20728,United Kingdom,LUNCH BAG CARS BLUE,2011-12-26,18.292045454545455
20728,United Kingdom,LUNCH BAG CARS BLUE,2012-01-02,119.49931687252213
20728,United Kingdom,LUNCH BAG CARS BLUE,2012-01-09,291.616668114458
20728,United Kingdom,LUNCH BAG CARS BLUE,2012-01-16,168.29273271503402
20728,United Kingdom,LUNCH BAG CARS BLUE,2012-01-23,177.6456217974963
20728,United Kingdom,LUNCH BAG CARS BLUE,2012-01-30,205.4180897142297
20971,United Kingdom,PINK BLUE FELT CRAFT TRINKET BOX,2011-12-12,157.78442467833094
20971,United Kingdom,PINK BLUE FELT CRAFT TRINKET BOX,2011-12-19,124.85601584385304
20971,United Kingdom,PINK BLUE FELT CRAFT TRINKET BOX,2011-12-26,127.5654346674855
20971,United Kingdom,PINK BLUE FELT CRAFT TRINKET BOX,2012-01-02,222.07390735540315
20971,United Kingdom,PINK BLUE FELT CRAFT TRINKET BOX,2012-01-09,312.96227215838724
20971,United Kingdom,PINK BLUE FELT CRAFT TRINKET BOX,2012-01-16,327.0735466879645
20971,United Kingdom,PINK BLUE FELT CRAFT TRINKET BOX,2012-01-23,350.76775034450145
20971,United Kingdom,PINK BLUE FELT CRAFT TRINKET BOX,2012-01-30,305.27225874825905
21080,United Kingdom,SET/20 RED RETROSPOT PAPER NAPKINS ,2011-12-12,133.73284007543668
21080,United Kingdom,SET/20 RED RETROSPOT PAPER NAPKINS ,2011-12-19,133.73284007543668
21080,United Kingdom,SET/20 RED RETROSPOT PAPER NAPKINS ,2011-12-26,128.55576598645615
21080,United Kingdom,SET/20 RED RETROSPOT PAPER NAPKINS ,2012-01-02,257.29693222505097
21080,United Kingdom,SET/20 RED RETROSPOT PAPER NAPKINS ,2012-01-09,363.6832174790785
21080,United Kingdom,SET/20 RED RETROSPOT PAPER NAPKINS ,2012-01-16,430.3788215753858
21080,United Kingdom,SET/20 RED RETROSPOT PAPER NAPKINS ,2012-01-23,381.9136627981412
21080,United Kingdom,SET/20 RED RETROSPOT PAPER NAPKINS ,2012-01-30,498.6817469008867
21108,United Kingdom,FAIRY CAKE FLANNEL ASSORTED COLOUR,2011-12-12,169.37643779670958
21108,United Kingdom,FAIRY CAKE FLANNEL ASSORTED COLOUR,2011-12-19,143.6737976109743
21108,United Kingdom,FAIRY CAKE FLANNEL ASSORTED COLOUR,2011-12-26,126.5211857901858
21108,United Kingdom,FAIRY CAKE FLANNEL ASSORTED COLOUR,2012-01-02,222.07390735540315
21108,United Kingdom,FAIRY CAKE FLANNEL ASSORTED COLOUR,2012-01-09,310.7998338215303
21108,United Kingdom,FAIRY CAKE FLANNEL ASSORTED COLOUR,2012-01-16,215.66216413523642
21108,United Kingdom,FAIRY CAKE FLANNEL ASSORTED COLOUR,2012-01-23,328.3043862246271
21108,United Kingdom,FAIRY CAKE FLANNEL ASSORTED COLOUR,2012-01-30,285.216571419972
21137,United Kingdom,BLACK RECORD COVER FRAME,2011-12-12,464.50548319327726
21137,United Kingdom,BLACK RECORD COVER FRAME,2011-12-19,607.608556998557
21137,United Kingdom,BLACK RECORD COVER FRAME,2011-12-26,643.6054290807231
21137,United Kingdom,BLACK RECORD COVER FRAME,2012-01-02,458.53019140989727
21137,United Kingdom,BLACK RECORD COVER FRAME,2012-01-09,688.8686132602622
21137,United Kingdom,BLACK RECORD COVER FRAME,2012-01-16,481.0302504466052
21137,United Kingdom,BLACK RECORD COVER FRAME,2012-01-23,556.9403226619715
21137,United Kingdom,BLACK RECORD COVER FRAME,2012-01-30,622.6649624666114
21166,United Kingdom,COOK WITH WINE METAL SIGN ,2011-12-12,186.2903785756727
21166,United Kingdom,COOK WITH WINE METAL SIGN ,2011-12-19,200.6450707678649
21166,United Kingdom,COOK WITH WINE METAL SIGN ,2011-12-26,354.165171990172
21166,United Kingdom,COOK WITH WINE METAL SIGN ,2012-01-02,293.3907079006303
21166,United Kingdom,COOK WITH WINE METAL SIGN ,2012-01-09,241.3024597435698
21166,United Kingdom,COOK WITH WINE METAL SIGN ,2012-01-16,263.3450962263995
21166,United Kingdom,COOK WITH WINE METAL SIGN ,2012-01-23,302.7797704006303
21166,United Kingdom,COOK WITH WINE METAL SIGN ,2012-01-30,265.20963912877073
21175,United Kingdom,GIN AND TONIC DIET METAL SIGN,2011-12-12,347.6611505867014
21175,United Kingdom,GIN AND TONIC DIET METAL SIGN,2011-12-19,287.3121666284379
21175,United Kingdom,GIN AND TONIC DIET METAL SIGN,2011-12-26,274.43639327218904
21175,United Kingdom,GIN AND TONIC DIET METAL SIGN,2012-01-02,319.8211210122898
21175,United Kingdom,GIN AND TONIC DIET METAL SIGN,2012-01-09,286.3430272145401
21175,United Kingdom,GIN AND TONIC DIET METAL SIGN,2012-01-16,298.7065515200957
21175,United Kingdom,GIN AND TONIC DIET METAL SIGN,2012-01-23,298.7065515200957
21175,United Kingdom,GIN AND TONIC DIET METAL SIGN,2012-01-30,303.06358277009565
21181,United Kingdom,PLEASE ONE PERSON METAL SIGN,2011-12-12,198.12756849747475
21181,United Kingdom,PLEASE ONE PERSON METAL SIGN,2011-12-19,165.4875303030303
21181,United Kingdom,PLEASE ONE PERSON METAL SIGN,2011-12-26,303.65786679536683
21181,United Kingdom,PLEASE ONE PERSON METAL SIGN,2012-01-02,261.9833819873208
21181,United Kingdom,PLEASE ONE PERSON METAL SIGN,2012-01-09,382.4273283190303
21181,United Kingdom,PLEASE ONE PERSON METAL SIGN,2012-01-16,265.5075345632564
21181,United Kingdom,PLEASE ONE PERSON METAL SIGN,2012-01-23,307.1368016506303
21181,United Kingdom,PLEASE ONE PERSON METAL SIGN,2012-01-30,301.16506177856206
21212,United Kingdom,PACK OF 72 RETROSPOT CAKE CASES,2011-12-12,411.9890160856009
21212,United Kingdom,PACK OF 72 RETROSPOT CAKE CASES,2011-12-19,356.86188946222427
21212,United Kingdom,PACK OF 72 RETROSPOT CAKE CASES,2011-12-26,379.0452227955576
21212,United Kingdom,PACK OF 72 RETROSPOT CAKE CASES,2012-01-02,406.2821237606323
21212,United Kingdom,PACK OF 72 RETROSPOT CAKE CASES,2012-01-09,412.86129282958757
21212,United Kingdom,PACK OF 72 RETROSPOT CAKE CASES,2012-01-16,412.86129282958757
21212,United Kingdom,PACK OF 72 RETROSPOT CAKE CASES,2012-01-23,593.2678828660931
21212,United Kingdom,PACK OF 72 RETROSPOT CAKE CASES,2012-01-30,559.8812690925427
21213,United Kingdom,PACK OF 72 SKULL CAKE CASES,2011-12-12,149.24399891659553
21213,United Kingdom,PACK OF 72 SKULL CAKE CASES,2011-12-19,149.24399891659553
21213,United Kingdom,PACK OF 72 SKULL CAKE CASES,2011-12-26,155.43246045505708
21213,United Kingdom,PACK OF 72 SKULL CAKE CASES,2012-01-02,277.72653543295553
21213,United Kingdom,PACK OF 72 SKULL CAKE CASES,2012-01-09,307.76990232228735
21213,United Kingdom,PACK OF 72 SKULL CAKE CASES,2012-01-16,294.05291503790744
21213,United Kingdom,PACK OF 72 SKULL CAKE CASES,2012-01-23,331.8943029027034
21213,United Kingdom,PACK OF 72 SKULL CAKE CASES,2012-01-30,303.6813932456063
21232,United Kingdom,STRAWBERRY CERAMIC TRINKET POT,2011-12-12,196.74444284721466
21232,United Kingdom,STRAWBERRY CERAMIC TRINKET POT,2011-12-19,235.88853300313116
21232,United Kingdom,STRAWBERRY CERAMIC TRINKET POT,2011-12-26,306.7277454387685
21232,United Kingdom,STRAWBERRY CERAMIC TRINKET POT,2012-01-02,293.5104041448811
21232,United Kingdom,STRAWBERRY CERAMIC TRINKET POT,2012-01-09,262.372720613135
21232,United Kingdom,STRAWBERRY CERAMIC TRINKET POT,2012-01-16,259.2378992567025
21232,United Kingdom,STRAWBERRY CERAMIC TRINKET POT,2012-01-23,293.1301131902284
21232,United Kingdom,STRAWBERRY CERAMIC TRINKET POT,2012-01-30,288.1949761050913
21326,United Kingdom,AGED GLASS SILVER T-LIGHT HOLDER,2011-12-12,341.67829971863455
21326,United Kingdom,AGED GLASS SILVER T-LIGHT HOLDER,2011-12-19,362.1394788078217
21326,United Kingdom,AGED GLASS SILVER T-LIGHT HOLDER,2011-12-26,362.1394788078217
21326,United Kingdom,AGED GLASS SILVER T-LIGHT HOLDER,2012-01-02,431.48305452260746
21326,United Kingdom,AGED GLASS SILVER T-LIGHT HOLDER,2012-01-09,431.48305452260746
21326,United Kingdom,AGED GLASS SILVER T-LIGHT HOLDER,2012-01-16,512.6658570703783
21326,United Kingdom,AGED GLASS SILVER T-LIGHT HOLDER,2012-01-23,621.7392063492064
21326,United Kingdom,AGED GLASS SILVER T-LIGHT HOLDER,2012-01-30,647.3741666666667
21497,United Kingdom,FANCY FONTS BIRTHDAY WRAP,2011-12-12,175.01895717147264
21497,United Kingdom,FANCY FONTS BIRTHDAY WRAP,2011-12-19,204.34031805425818
21497,United Kingdom,FANCY FONTS BIRTHDAY WRAP,2011-12-26,175.95395082348347
21497,United Kingdom,FANCY FONTS BIRTHDAY WRAP,2012-01-02,352.0807216379386
21497,United Kingdom,FANCY FONTS BIRTHDAY WRAP,2012-01-09,281.87015776013993
21497,United Kingdom,FANCY FONTS BIRTHDAY WRAP,2012-01-16,224.8346450967412
21497,United Kingdom,FANCY FONTS BIRTHDAY WRAP,2012-01-23,236.3821271111297
21497,United Kingdom,FANCY FONTS BIRTHDAY WRAP,2012-01-30,301.9136605504212
21498,United Kingdom,RED RETROSPOT WRAP ,2011-12-12,270.49118371752724
21498,United Kingdom,RED RETROSPOT WRAP ,2011-12-19,291.46166381353777
21498,United Kingdom,RED RETROSPOT WRAP ,2011-12-26,283.03376273465307
21498,United Kingdom,RED RETROSPOT WRAP ,2012-01-02,254.06290596630643
21498,United Kingdom,RED RETROSPOT WRAP ,2012-01-09,318.92725765467355
21498,United Kingdom,RED RETROSPOT WRAP ,2012-01-16,330.2033943521386
21498,United Kingdom,RED RETROSPOT WRAP ,2012-01-23,334.5604256021386
21498,United Kingdom,RED RETROSPOT WRAP ,2012-01-30,352.55832858721317
21703,United Kingdom,BAG 125g SWIRLY MARBLES,2011-12-12,111.57547206598119
21703,United Kingdom,BAG 125g SWIRLY MARBLES,2011-12-19,127.0294324856853
21703,United Kingdom,BAG 125g SWIRLY MARBLES,2011-12-26,172.29673124071405
21703,United Kingdom,BAG 125g SWIRLY MARBLES,2012-01-02,238.95589945422603
21703,United Kingdom,BAG 125g SWIRLY MARBLES,2012-01-09,238.95589945422603
21703,United Kingdom,BAG 125g SWIRLY MARBLES,2012-01-16,203.09290824337901
21703,United Kingdom,BAG 125g SWIRLY MARBLES,2012-01-23,250.25248416807867
21703,United Kingdom,BAG 125g SWIRLY MARBLES,2012-01-30,317.8842035988752
21790,United Kingdom,VINTAGE SNAP CARDS,2011-12-12,337.0054858429859
21790,United Kingdom,VINTAGE SNAP CARDS,2011-12-19,374.0144788078217
21790,United Kingdom,VINTAGE SNAP CARDS,2011-12-26,348.87024803859094
21790,United Kingdom,VINTAGE SNAP CARDS,2012-01-02,440.5427524101424
21790,United Kingdom,VINTAGE SNAP CARDS,2012-01-09,393.46737917070567
21790,United Kingdom,VINTAGE SNAP CARDS,2012-01-16,499.6612928295875
21790,United Kingdom,VINTAGE SNAP CARDS,2012-01-23,584.8792849655586
21790,United Kingdom,VINTAGE SNAP CARDS,2012-01-30,591.1687690925428
21915,United Kingdom,RED  HARMONICA IN BOX ,2011-12-12,38.63352941176471
21915,United Kingdom,RED  HARMONICA IN BOX ,2011-12-19,82.53468614718615
21915,United Kingdom,RED  HARMONICA IN BOX ,2011-12-26,179.65192799847213
21915,United Kingdom,RED  HARMONICA IN BOX ,2012-01-02,289.4142653644573
21915,United Kingdom,RED  HARMONICA IN BOX ,2012-01-09,255.58664026479155
21915,United Kingdom,RED  HARMONICA IN BOX ,2012-01-16,178.103056780408
21915,United Kingdom,RED  HARMONICA IN BOX ,2012-01-23,251.13312128737851
21915,United Kingdom,RED  HARMONICA IN BOX ,2012-01-30,246.25604765708377
21928,United Kingdom,JUMBO BAG SCANDINAVIAN BLUE PAISLEY,2011-12-12,151.1026543216543
21928,United Kingdom,JUMBO BAG SCANDINAVIAN BLUE PAISLEY,2011-12-19,97.09992704892703
21928,United Kingdom,JUMBO BAG SCANDINAVIAN BLUE PAISLEY,2011-12-26,80.19810886710886
21928,United Kingdom,JUMBO BAG SCANDINAVIAN BLUE PAISLEY,2012-01-02,307.34075104017376
21928,United Kingdom,JUMBO BAG SCANDINAVIAN BLUE PAISLEY,2012-01-09,224.1243473486536
21928,United Kingdom,JUMBO BAG SCANDINAVIAN BLUE PAISLEY,2012-01-16,178.1544693128919
21928,United Kingdom,JUMBO BAG SCANDINAVIAN BLUE PAISLEY,2012-01-23,183.34151682420412
21928,United Kingdom,JUMBO BAG SCANDINAVIAN BLUE PAISLEY,2012-01-30,225.2740573605754
21929,United Kingdom,JUMBO BAG PINK VINTAGE PAISLEY,2011-12-12,227.823987987988
21929,United Kingdom,JUMBO BAG PINK VINTAGE PAISLEY,2011-12-19,188.52797788697788
21929,United Kingdom,JUMBO BAG PINK VINTAGE PAISLEY,2011-12-26,153.16962223745946
21929,United Kingdom,JUMBO BAG PINK VINTAGE PAISLEY,2012-01-02,385.0424423560988
21929,United Kingdom,JUMBO BAG PINK VINTAGE PAISLEY,2012-01-09,209.8414868304166
21929,United Kingdom,JUMBO BAG PINK VINTAGE PAISLEY,2012-01-16,228.91979606501667
21929,United Kingdom,JUMBO BAG PINK VINTAGE PAISLEY,2012-01-23,235.61362651585736
21929,United Kingdom,JUMBO BAG PINK VINTAGE PAISLEY,2012-01-30,272.4582769235892
21931,United Kingdom,JUMBO STORAGE BAG SUKI,2011-12-12,122.99962383495577
21931,United Kingdom,JUMBO STORAGE BAG SUKI,2011-12-19,109.20543466748552
21931,United Kingdom,JUMBO STORAGE BAG SUKI,2011-12-26,126.5211857901858
21931,United Kingdom,JUMBO STORAGE BAG SUKI,2012-01-02,305.4505104379671
21931,United Kingdom,JUMBO STORAGE BAG SUKI,2012-01-09,232.34053398459832
21931,United Kingdom,JUMBO STORAGE BAG SUKI,2012-01-16,197.74996002907227
21931,United Kingdom,JUMBO STORAGE BAG SUKI,2012-01-23,229.6467738693696
21931,United Kingdom,JUMBO STORAGE BAG SUKI,2012-01-30,261.5720323134675
21975,United Kingdom,PACK OF 60 DINOSAUR CAKE CASES,2011-12-12,104.19444444444443
21975,United Kingdom,PACK OF 60 DINOSAUR CAKE CASES,2011-12-19,97.57617959649215
21975,United Kingdom,PACK OF 60 DINOSAUR CAKE CASES,2011-12-26,134.35377792681018
21975,United Kingdom,PACK OF 60 DINOSAUR CAKE CASES,2012-01-02,239.35130167810635
21975,United Kingdom,PACK OF 60 DINOSAUR CAKE CASES,2012-01-09,243.8363190346456
21975,United Kingdom,PACK OF 60 DINOSAUR CAKE CASES,2012-01-16,183.76937525462864
21975,United Kingdom,PACK OF 60 DINOSAUR CAKE CASES,2012-01-23,207.97332782379857
21975,United Kingdom,PACK OF 60 DINOSAUR CAKE CASES,2012-01-30,271.5570421235243
21977,United Kingdom,PACK OF 60 PINK PAISLEY CAKE CASES,2011-12-12,271.305175639133
21977,United Kingdom,PACK OF 60 PINK PAISLEY CAKE CASES,2011-12-19,297.80484104570496
21977,United Kingdom,PACK OF 60 PINK PAISLEY CAKE CASES,2011-12-26,306.5757595183572
21977,United Kingdom,PACK OF 60 PINK PAISLEY CAKE CASES,2012-01-02,262.0285336719341
21977,United Kingdom,PACK OF 60 PINK PAISLEY CAKE CASES,2012-01-09,301.2844403053562
21977,United Kingdom,PACK OF 60 PINK PAISLEY CAKE CASES,2012-01-16,307.2561801774244
21977,United Kingdom,PACK OF 60 PINK PAISLEY CAKE CASES,2012-01-23,307.2561801774244
21977,United Kingdom,PACK OF 60 PINK PAISLEY CAKE CASES,2012-01-30,301.2844403053562
21985,United Kingdom,PACK OF 12 HEARTS DESIGN TISSUES ,2011-12-12,112.08259934158669
21985,United Kingdom,PACK OF 12 HEARTS DESIGN TISSUES ,2011-12-19,199.88803205372218
21985,United Kingdom,PACK OF 12 HEARTS DESIGN TISSUES ,2011-12-26,193.07285772789618
21985,United Kingdom,PACK OF 12 HEARTS DESIGN TISSUES ,2012-01-02,244.0200996984263
21985,United Kingdom,PACK OF 12 HEARTS DESIGN TISSUES ,2012-01-09,245.15661537786883
21985,United Kingdom,PACK OF 12 HEARTS DESIGN TISSUES ,2012-01-16,278.0376944613825
21985,United Kingdom,PACK OF 12 HEARTS DESIGN TISSUES ,2012-01-23,277.91647361393655
21985,United Kingdom,PACK OF 12 HEARTS DESIGN TISSUES ,2012-01-30,424.43727724166126
22086,United Kingdom,PAPER CHAIN KIT 50'S CHRISTMAS ,2011-12-12,1714.2538936063934
22086,United Kingdom,PAPER CHAIN KIT 50'S CHRISTMAS ,2011-12-19,1714.2538936063934
22086,United Kingdom,PAPER CHAIN KIT 50'S CHRISTMAS ,2011-12-26,1714.2538936063934
22086,United Kingdom,PAPER CHAIN KIT 50'S CHRISTMAS ,2012-01-02,944.0389255189255
22086,United Kingdom,PAPER CHAIN KIT 50'S CHRISTMAS ,2012-01-09,912.7000366300366
22086,United Kingdom,PAPER CHAIN KIT 50'S CHRISTMAS ,2012-01-16,720.04586996337
22086,United Kingdom,PAPER CHAIN KIT 50'S CHRISTMAS ,2012-01-23,778.4080494505495
22086,United Kingdom,PAPER CHAIN KIT 50'S CHRISTMAS ,2012-01-30,986.1897881828318
22151,United Kingdom,PLACE SETTING WHITE HEART,2011-12-12,268.3591614022508
22151,United Kingdom,PLACE SETTING WHITE HEART,2011-12-19,330.388242715951
22151,United Kingdom,PLACE SETTING WHITE HEART,2011-12-26,296.9364928047986
22151,United Kingdom,PLACE SETTING WHITE HEART,2012-01-02,235.96646280289505
22151,United Kingdom,PLACE SETTING WHITE HEART,2012-01-09,327.77268012109596
22151,United Kingdom,PLACE SETTING WHITE HEART,2012-01-16,375.24145124316425
22151,United Kingdom,PLACE SETTING WHITE HEART,2012-01-23,362.07109410030705
22151,United Kingdom,PLACE SETTING WHITE HEART,2012-01-30,492.7278175925527
22178,United Kingdom,VICTORIAN GLASS HANGING T-LIGHT,2011-12-12,477.8698214285714
22178,United Kingdom,VICTORIAN GLASS HANGING T-LIGHT,2011-12-19,454.08023809523803
22178,United Kingdom,VICTORIAN GLASS HANGING T-LIGHT,2011-12-26,729.3492316017316
22178,United Kingdom,VICTORIAN GLASS HANGING T-LIGHT,2012-01-02,603.385345971995
22178,United Kingdom,VICTORIAN GLASS HANGING T-LIGHT,2012-01-09,574.0850572924205
22178,United Kingdom,VICTORIAN GLASS HANGING T-LIGHT,2012-01-16,485.84663848900175
22178,United Kingdom,VICTORIAN GLASS HANGING T-LIGHT,2012-01-23,536.4428123944615
22178,United Kingdom,VICTORIAN GLASS HANGING T-LIGHT,2012-01-30,617.3156695373184
22189,United Kingdom,CREAM HEART CARD HOLDER,2011-12-12,133.75368818818816
22189,United Kingdom,CREAM HEART CARD HOLDER,2011-12-19,87.51783095283095
22189,United Kingdom,CREAM HEART CARD HOLDER,2011-12-26,70.61601277101276
22189,United Kingdom,CREAM HEART CARD HOLDER,2012-01-02,235.27602130610722
22189,United Kingdom,CREAM HEART CARD HOLDER,2012-01-09,201.41186077500976
22189,United Kingdom,CREAM HEART CARD HOLDER,2012-01-16,139.0840084099835
22189,United Kingdom,CREAM HEART CARD HOLDER,2012-01-23,147.4739898230278
22189,United Kingdom,CREAM HEART CARD HOLDER,2012-01-30,155.8739701986936
22197,United Kingdom,POPCORN HOLDER,2011-12-12,1648.7967507492508
22197,United Kingdom,POPCORN HOLDER,2011-12-19,1661.9538936063934
22197,United Kingdom,POPCORN HOLDER,2011-12-26,1543.2462012987012
22197,United Kingdom,POPCORN HOLDER,2012-01-02,859.1360683760684
22197,United Kingdom,POPCORN HOLDER,2012-01-09,939.9361477411478
22197,United Kingdom,POPCORN HOLDER,2012-01-16,757.9292032967032
22197,United Kingdom,POPCORN HOLDER,2012-01-23,785.1653144078143
22197,United Kingdom,POPCORN HOLDER,2012-01-30,829.3744810744811
22355,United Kingdom,CHARLOTTE BAG SUKI DESIGN,2011-12-12,924.800974025974
22355,United Kingdom,CHARLOTTE BAG SUKI DESIGN,2011-12-19,951.5037518037518
22355,United Kingdom,CHARLOTTE BAG SUKI DESIGN,2011-12-26,1358.172887112887
22355,United Kingdom,CHARLOTTE BAG SUKI DESIGN,2012-01-02,643.6693548118549
22355,United Kingdom,CHARLOTTE BAG SUKI DESIGN,2012-01-09,497.9084251066394
22355,United Kingdom,CHARLOTTE BAG SUKI DESIGN,2012-01-16,639.1535399917543
22355,United Kingdom,CHARLOTTE BAG SUKI DESIGN,2012-01-23,473.5989461813094
22355,United Kingdom,CHARLOTTE BAG SUKI DESIGN,2012-01-30,714.4615425531915
22383,United Kingdom,LUNCH BAG SUKI DESIGN ,2011-12-12,97.09992704892703
22383,United Kingdom,LUNCH BAG SUKI DESIGN ,2011-12-19,80.19810886710886
22383,United Kingdom,LUNCH BAG SUKI DESIGN ,2011-12-26,80.19810886710886
22383,United Kingdom,LUNCH BAG SUKI DESIGN ,2012-01-02,338.77891523286405
22383,United Kingdom,LUNCH BAG SUKI DESIGN ,2012-01-09,231.63383971268664
22383,United Kingdom,LUNCH BAG SUKI DESIGN ,2012-01-16,178.1544693128919
22383,United Kingdom,LUNCH BAG SUKI DESIGN ,2012-01-23,188.28973258227413
22383,United Kingdom,LUNCH BAG SUKI DESIGN ,2012-01-30,222.17918193672162
22384,United Kingdom,LUNCH BAG PINK POLKADOT,2011-12-12,80.19810886710886
22384,United Kingdom,LUNCH BAG PINK POLKADOT,2011-12-19,80.19810886710886
22384,United Kingdom,LUNCH BAG PINK POLKADOT,2011-12-26,82.5980202460525
22384,United Kingdom,LUNCH BAG PINK POLKADOT,2012-01-02,329.0672207982664
22384,United Kingdom,LUNCH BAG PINK POLKADOT,2012-01-09,219.22610161744856
22384,United Kingdom,LUNCH BAG PINK POLKADOT,2012-01-16,178.1544693128919
22384,United Kingdom,LUNCH BAG PINK POLKADOT,2012-01-23,187.70158235890773
22384,United Kingdom,LUNCH BAG PINK POLKADOT,2012-01-30,236.4300222728561
22386,United Kingdom,JUMBO BAG PINK POLKADOT,2011-12-12,176.22477340367965
22386,United Kingdom,JUMBO BAG PINK POLKADOT,2011-12-19,220.99242190559858
22386,United Kingdom,JUMBO BAG PINK POLKADOT,2011-12-26,246.95737046243926
22386,United Kingdom,JUMBO BAG PINK POLKADOT,2012-01-02,258.9534194885317
22386,United Kingdom,JUMBO BAG PINK POLKADOT,2012-01-09,323.0222066082369
22386,United Kingdom,JUMBO BAG PINK POLKADOT,2012-01-16,261.58188348732193
22386,United Kingdom,JUMBO BAG PINK POLKADOT,2012-01-23,255.5718296049612
22386,United Kingdom,JUMBO BAG PINK POLKADOT,2012-01-30,255.5718296049612
22411,United Kingdom,JUMBO SHOPPER VINTAGE RED PAISLEY,2011-12-12,356.86188946222427
22411,United Kingdom,JUMBO SHOPPER VINTAGE RED PAISLEY,2011-12-19,356.86188946222427
22411,United Kingdom,JUMBO SHOPPER VINTAGE RED PAISLEY,2011-12-26,356.86188946222427
22411,United Kingdom,JUMBO SHOPPER VINTAGE RED PAISLEY,2012-01-02,414.0995672634573
22411,United Kingdom,JUMBO SHOPPER VINTAGE RED PAISLEY,2012-01-09,418.4784902818168
22411,United Kingdom,JUMBO SHOPPER VINTAGE RED PAISLEY,2012-01-16,412.86129282958757
22411,United Kingdom,JUMBO SHOPPER VINTAGE RED PAISLEY,2012-01-23,423.1334210605375
22411,United Kingdom,JUMBO SHOPPER VINTAGE RED PAISLEY,2012-01-30,584.882236525493
22423,United Kingdom,REGENCY CAKESTAND 3 TIER,2011-12-12,234.99271909978634
22423,United Kingdom,REGENCY CAKESTAND 3 TIER,2011-12-19,241.27824100099787
22423,United Kingdom,REGENCY CAKESTAND 3 TIER,2011-12-26,230.30323165697217
22423,United Kingdom,REGENCY CAKESTAND 3 TIER,2012-01-02,302.96662742330165
22423,United Kingdom,REGENCY CAKESTAND 3 TIER,2012-01-09,268.2998280427665
22423,United Kingdom,REGENCY CAKESTAND 3 TIER,2012-01-16,323.52573857667693
22423,United Kingdom,REGENCY CAKESTAND 3 TIER,2012-01-23,280.1592349006112
22423,United Kingdom,REGENCY CAKESTAND 3 TIER,2012-01-30,309.8625164323763
22457,United Kingdom,NATURAL SLATE HEART CHALKBOARD ,2011-12-12,196.29224170008914
22457,United Kingdom,NATURAL SLATE HEART CHALKBOARD ,2011-12-19,216.79918614453354
22457,United Kingdom,NATURAL SLATE HEART CHALKBOARD ,2011-12-26,201.12470428512316
22457,United Kingdom,NATURAL SLATE HEART CHALKBOARD ,2012-01-02,405.3009443998033
22457,United Kingdom,NATURAL SLATE HEART CHALKBOARD ,2012-01-09,224.6304031315862
22457,United Kingdom,NATURAL SLATE HEART CHALKBOARD ,2012-01-16,250.1508973158418
22457,United Kingdom,NATURAL SLATE HEART CHALKBOARD ,2012-01-23,231.17312877034072
22457,United Kingdom,NATURAL SLATE HEART CHALKBOARD ,2012-01-30,255.5718296049612
22469,United Kingdom,HEART OF WICKER SMALL,2011-12-12,179.73792934577676
22469,United Kingdom,HEART OF WICKER SMALL,2011-12-19,194.60876457590612
22469,United Kingdom,HEART OF WICKER SMALL,2011-12-26,171.27904910276033
22469,United Kingdom,HEART OF WICKER SMALL,2012-01-02,288.3643586530958
22469,United Kingdom,HEART OF WICKER SMALL,2012-01-09,302.4048513848426
22469,United Kingdom,HEART OF WICKER SMALL,2012-01-16,247.91462769910459
22469,United Kingdom,HEART OF WICKER SMALL,2012-01-23,240.7893182184283
22469,United Kingdom,HEART OF WICKER SMALL,2012-01-30,247.52888284959482
22470,United Kingdom,HEART OF WICKER LARGE,2011-12-12,68.28506493506492
22470,United Kingdom,HEART OF WICKER LARGE,2011-12-19,96.26233766233767
22470,United Kingdom,HEART OF WICKER LARGE,2011-12-26,132.3848484848485
22470,United Kingdom,HEART OF WICKER LARGE,2012-01-02,279.2735889057111
22470,United Kingdom,HEART OF WICKER LARGE,2012-01-09,169.62994971072203
22470,United Kingdom,HEART OF WICKER LARGE,2012-01-16,143.47965363281622
22470,United Kingdom,HEART OF WICKER LARGE,2012-01-23,165.76062885253975
22470,United Kingdom,HEART OF WICKER LARGE,2012-01-30,182.6172995381361
22492,United Kingdom,MINI PAINT SET VINTAGE ,2011-12-12,383.30906270564753
22492,United Kingdom,MINI PAINT SET VINTAGE ,2011-12-19,228.44710202743687
22492,United Kingdom,MINI PAINT SET VINTAGE ,2011-12-26,326.53383930107924
22492,United Kingdom,MINI PAINT SET VINTAGE ,2012-01-02,284.01260686102273
22492,United Kingdom,MINI PAINT SET VINTAGE ,2012-01-09,294.89265587186884
22492,United Kingdom,MINI PAINT SET VINTAGE ,2012-01-16,277.8459401943561
22492,United Kingdom,MINI PAINT SET VINTAGE ,2012-01-23,307.2561801774244
22492,United Kingdom,MINI PAINT SET VINTAGE ,2012-01-30,307.2561801774244
22577,United Kingdom,WOODEN HEART CHRISTMAS SCANDINAVIAN,2011-12-12,1180.1274433899434
22577,United Kingdom,WOODEN HEART CHRISTMAS SCANDINAVIAN,2011-12-19,1688.8927031302032
22577,United Kingdom,WOODEN HEART CHRISTMAS SCANDINAVIAN,2011-12-26,1737.7011158286157
22577,United Kingdom,WOODEN HEART CHRISTMAS SCANDINAVIAN,2012-01-02,668.8941563991564
22577,United Kingdom,WOODEN HEART CHRISTMAS SCANDINAVIAN,2012-01-09,842.942965922966
22577,United Kingdom,WOODEN HEART CHRISTMAS SCANDINAVIAN,2012-01-16,998.1734420289855
22577,United Kingdom,WOODEN HEART CHRISTMAS SCANDINAVIAN,2012-01-23,745.0014255189255
22577,United Kingdom,WOODEN HEART CHRISTMAS SCANDINAVIAN,2012-01-30,729.6189998181487
22578,United Kingdom,WOODEN STAR CHRISTMAS SCANDINAVIAN,2011-12-12,1571.066115828616
22578,United Kingdom,WOODEN STAR CHRISTMAS SCANDINAVIAN,2011-12-19,1737.7011158286157
22578,United Kingdom,WOODEN STAR CHRISTMAS SCANDINAVIAN,2011-12-26,1661.7636158286157
22578,United Kingdom,WOODEN STAR CHRISTMAS SCANDINAVIAN,2012-01-02,847.0457437007437
22578,United Kingdom,WOODEN STAR CHRISTMAS SCANDINAVIAN,2012-01-09,939.9361477411478
22578,United Kingdom,WOODEN STAR CHRISTMAS SCANDINAVIAN,2012-01-16,745.0014255189255
22578,United Kingdom,WOODEN STAR CHRISTMAS SCANDINAVIAN,2012-01-23,785.1653144078143
22578,United Kingdom,WOODEN STAR CHRISTMAS SCANDINAVIAN,2012-01-30,1055.3103864734298
22610,United Kingdom,PENS ASSORTED FUNNY FACE,2011-12-12,294.0228424326889
22610,United Kingdom,PENS ASSORTED FUNNY FACE,2011-12-19,182.84831999998465
22610,United Kingdom,PENS ASSORTED FUNNY FACE,2011-12-26,221.5753238683817
22610,United Kingdom,PENS ASSORTED FUNNY FACE,2012-01-02,295.53916687602407
22610,United Kingdom,PENS ASSORTED FUNNY FACE,2012-01-09,305.57637631733024
22610,United Kingdom,PENS ASSORTED FUNNY FACE,2012-01-16,244.43180372242927
22610,United Kingdom,PENS ASSORTED FUNNY FACE,2012-01-23,265.3849287224292
22610,United Kingdom,PENS ASSORTED FUNNY FACE,2012-01-30,592.9362175871715
22616,United Kingdom,PACK OF 12 LONDON TISSUES ,2011-12-12,961.5153138528137
22616,United Kingdom,PACK OF 12 LONDON TISSUES ,2011-12-19,549.0061170039111
22616,United Kingdom,PACK OF 12 LONDON TISSUES ,2011-12-26,770.7252344877345
22616,United Kingdom,PACK OF 12 LONDON TISSUES ,2012-01-02,618.7532537734135
22616,United Kingdom,PACK OF 12 LONDON TISSUES ,2012-01-09,480.0318539827279
22616,United Kingdom,PACK OF 12 LONDON TISSUES ,2012-01-16,450.26243102979424
22616,United Kingdom,PACK OF 12 LONDON TISSUES ,2012-01-23,422.81243102979425
22616,United Kingdom,PACK OF 12 LONDON TISSUES ,2012-01-30,647.0646367521367
22659,United Kingdom,LUNCH BOX I LOVE LONDON,2011-12-12,31.494943663931007
22659,United Kingdom,LUNCH BOX I LOVE LONDON,2011-12-19,85.31944444444444
22659,United Kingdom,LUNCH BOX I LOVE LONDON,2011-12-26,41.87310104221869
22659,United Kingdom,LUNCH BOX I LOVE LONDON,2012-01-02,200.21452364887335
22659,United Kingdom,LUNCH BOX I LOVE LONDON,2012-01-09,197.47376106385445
22659,United Kingdom,LUNCH BOX I LOVE LONDON,2012-01-16,153.52838340326247
22659,United Kingdom,LUNCH BOX I LOVE LONDON,2012-01-23,165.7767542544759
22659,United Kingdom,LUNCH BOX I LOVE LONDON,2012-01-30,199.76404099998257
22693,United Kingdom,GROW A FLYTRAP OR SUNFLOWER IN TIN,2011-12-12,19.23415611814346
22693,United Kingdom,GROW A FLYTRAP OR SUNFLOWER IN TIN,2011-12-19,24.06037878787879
22693,United Kingdom,GROW A FLYTRAP OR SUNFLOWER IN TIN,2011-12-26,46.8746645021645
22693,United Kingdom,GROW A FLYTRAP OR SUNFLOWER IN TIN,2012-01-02,155.1779764729228
22693,United Kingdom,GROW A FLYTRAP OR SUNFLOWER IN TIN,2012-01-09,347.931804770319
22693,United Kingdom,GROW A FLYTRAP OR SUNFLOWER IN TIN,2012-01-16,200.93419615182816
22693,United Kingdom,GROW A FLYTRAP OR SUNFLOWER IN TIN,2012-01-23,201.48910125197148
22693,United Kingdom,GROW A FLYTRAP OR SUNFLOWER IN TIN,2012-01-30,246.3657272311513
22699,United Kingdom,ROSES REGENCY TEACUP AND SAUCER ,2011-12-12,197.45151976401976
22699,United Kingdom,ROSES REGENCY TEACUP AND SAUCER ,2011-12-19,154.91792931943388
22699,United Kingdom,ROSES REGENCY TEACUP AND SAUCER ,2011-12-26,100.46566746364259
22699,United Kingdom,ROSES REGENCY TEACUP AND SAUCER ,2012-01-02,294.4906826393133
22699,United Kingdom,ROSES REGENCY TEACUP AND SAUCER ,2012-01-09,186.36582857991397
22699,United Kingdom,ROSES REGENCY TEACUP AND SAUCER ,2012-01-16,183.7225362348193
22699,United Kingdom,ROSES REGENCY TEACUP AND SAUCER ,2012-01-23,172.43386901979426
22699,United Kingdom,ROSES REGENCY TEACUP AND SAUCER ,2012-01-30,220.88552440579298
22791,United Kingdom,T-LIGHT GLASS FLUTED ANTIQUE,2011-12-12,249.58203391846246
22791,United Kingdom,T-LIGHT GLASS FLUTED ANTIQUE,2011-12-19,247.32773851028432
22791,United Kingdom,T-LIGHT GLASS FLUTED ANTIQUE,2011-12-26,274.4053316456651
22791,United Kingdom,T-LIGHT GLASS FLUTED ANTIQUE,2012-01-02,296.28181874058623
22791,United Kingdom,T-LIGHT GLASS FLUTED ANTIQUE,2012-01-09,276.3051945183831
22791,United Kingdom,T-LIGHT GLASS FLUTED ANTIQUE,2012-01-16,282.22323623302316
22791,United Kingdom,T-LIGHT GLASS FLUTED ANTIQUE,2012-01-23,313.5285860841176
22791,United Kingdom,T-LIGHT GLASS FLUTED ANTIQUE,2012-01-30,319.50032595618586
22865,United Kingdom,HAND WARMER OWL DESIGN,2011-12-12,677.2987301587302
22865,United Kingdom,HAND WARMER OWL DESIGN,2011-12-19,808.2123015873016
22865,United Kingdom,HAND WARMER OWL DESIGN,2011-12-26,921.9815043290043
22865,United Kingdom,HAND WARMER OWL DESIGN,2012-01-02,591.5171426623023
22865,United Kingdom,HAND WARMER OWL DESIGN,2012-01-09,453.51330515566843
22865,United Kingdom,HAND WARMER OWL DESIGN,2012-01-16,411.4342349351088
22865,United Kingdom,HAND WARMER OWL DESIGN,2012-01-23,395.5620127128865
22865,United Kingdom,HAND WARMER OWL DESIGN,2012-01-30,659.354431485705
22910,United Kingdom,PAPER CHAIN KIT VINTAGE CHRISTMAS,2011-12-12,1462.7980061605062
22910,United Kingdom,PAPER CHAIN KIT VINTAGE CHRISTMAS,2011-12-19,1894.7249253524253
22910,United Kingdom,PAPER CHAIN KIT VINTAGE CHRISTMAS,2011-12-26,1375.0106396381398
22910,United Kingdom,PAPER CHAIN KIT VINTAGE CHRISTMAS,2012-01-02,815.7068548118548
22910,United Kingdom,PAPER CHAIN KIT VINTAGE CHRISTMAS,2012-01-09,933.1788827838827
22910,United Kingdom,PAPER CHAIN KIT VINTAGE CHRISTMAS,2012-01-16,745.0014255189255
22910,United Kingdom,PAPER CHAIN KIT VINTAGE CHRISTMAS,2012-01-23,629.1232009657009
22910,United Kingdom,PAPER CHAIN KIT VINTAGE CHRISTMAS,2012-01-30,468.5051506117995
22952,United Kingdom,60 CAKE CASES VINTAGE CHRISTMAS,2011-12-12,1079.7478896103896
22952,United Kingdom,60 CAKE CASES VINTAGE CHRISTMAS,2011-12-19,1178.4782442557441
22952,United Kingdom,60 CAKE CASES VINTAGE CHRISTMAS,2011-12-26,1709.9177824952826
22952,United Kingdom,60 CAKE CASES VINTAGE CHRISTMAS,2012-01-02,679.3471325896327
22952,United Kingdom,60 CAKE CASES VINTAGE CHRISTMAS,2012-01-09,842.942965922966
22952,United Kingdom,60 CAKE CASES VINTAGE CHRISTMAS,2012-01-16,901.1802602108037
22952,United Kingdom,60 CAKE CASES VINTAGE CHRISTMAS,2012-01-23,745.0014255189255
22952,United Kingdom,60 CAKE CASES VINTAGE CHRISTMAS,2012-01-30,674.2820126386616
22961,United Kingdom,JAM MAKING SET PRINTED,2011-12-12,433.22405822935224
22961,United Kingdom,JAM MAKING SET PRINTED,2011-12-19,515.3928571428571
22961,United Kingdom,JAM MAKING SET PRINTED,2011-12-26,523.4234197012138
22961,United Kingdom,JAM MAKING SET PRINTED,2012-01-02,423.33423493510884
22961,United Kingdom,JAM MAKING SET PRINTED,2012-01-09,659.1792391780127
22961,United Kingdom,JAM MAKING SET PRINTED,2012-01-16,612.2382092198583
22961,United Kingdom,JAM MAKING SET PRINTED,2012-01-23,656.8817239590871
22961,United Kingdom,JAM MAKING SET PRINTED,2012-01-30,485.84663848900175
22969,United Kingdom,HOMEMADE JAM SCENTED CANDLES,2011-12-12,118.1132628541427
22969,United Kingdom,HOMEMADE JAM SCENTED CANDLES,2011-12-19,96.34552091865883
22969,United Kingdom,HOMEMADE JAM SCENTED CANDLES,2011-12-26,79.44370273684066
22969,United Kingdom,HOMEMADE JAM SCENTED CANDLES,2012-01-02,229.67635710077974
22969,United Kingdom,HOMEMADE JAM SCENTED CANDLES,2012-01-09,284.2221226282511
22969,United Kingdom,HOMEMADE JAM SCENTED CANDLES,2012-01-16,194.38318080533207
22969,United Kingdom,HOMEMADE JAM SCENTED CANDLES,2012-01-23,183.34151682420412
22969,United Kingdom,HOMEMADE JAM SCENTED CANDLES,2012-01-30,233.37814736915283
22988,United Kingdom,SOLDIERS EGG CUP ,2011-12-12,331.3107038782497
22988,United Kingdom,SOLDIERS EGG CUP ,2011-12-19,225.87682872200267
22988,United Kingdom,SOLDIERS EGG CUP ,2011-12-26,224.47235843769326
22988,United Kingdom,SOLDIERS EGG CUP ,2012-01-02,312.8409067642666
22988,United Kingdom,SOLDIERS EGG CUP ,2012-01-09,275.2707754924071
22988,United Kingdom,SOLDIERS EGG CUP ,2012-01-16,246.60191298661795
22988,United Kingdom,SOLDIERS EGG CUP ,2012-01-23,240.84606591015617
22988,United Kingdom,SOLDIERS EGG CUP ,2012-01-30,297.14225068597966
22993,United Kingdom,SET OF 4 PANTRY JELLY MOULDS,2011-12-12,362.1394788078217
22993,United Kingdom,SET OF 4 PANTRY JELLY MOULDS,2011-12-19,362.1394788078217
22993,United Kingdom,SET OF 4 PANTRY JELLY MOULDS,2011-12-26,362.1394788078217
22993,United Kingdom,SET OF 4 PANTRY JELLY MOULDS,2012-01-02,418.4784902818168
22993,United Kingdom,SET OF 4 PANTRY JELLY MOULDS,2012-01-09,418.4784902818168
22993,United Kingdom,SET OF 4 PANTRY JELLY MOULDS,2012-01-16,417.6890706073653
22993,United Kingdom,SET OF 4 PANTRY JELLY MOULDS,2012-01-23,676.9762690925427
22993,United Kingdom,SET OF 4 PANTRY JELLY MOULDS,2012-01-30,638.0822222222222
22998,United Kingdom,TRAVEL CARD WALLET KEEP CALM,2011-12-12,55.523372790935994
22998,United Kingdom,TRAVEL CARD WALLET KEEP CALM,2011-12-19,99.9969615509938
22998,United Kingdom,TRAVEL CARD WALLET KEEP CALM,2011-12-26,122.8491022878359
22998,United Kingdom,TRAVEL CARD WALLET KEEP CALM,2012-01-02,204.7438505404081
22998,United Kingdom,TRAVEL CARD WALLET KEEP CALM,2012-01-09,241.01675247802632
22998,United Kingdom,TRAVEL CARD WALLET KEEP CALM,2012-01-16,192.03850256079764
22998,United Kingdom,TRAVEL CARD WALLET KEEP CALM,2012-01-23,217.3789708094101
22998,United Kingdom,TRAVEL CARD WALLET KEEP CALM,2012-01-30,267.6679193928852
23077,United Kingdom,DOUGHNUT LIP GLOSS ,2011-12-12,379.5273051948052
23077,United Kingdom,DOUGHNUT LIP GLOSS ,2011-12-19,362.1394788078217
23077,United Kingdom,DOUGHNUT LIP GLOSS ,2011-12-26,362.1394788078217
23077,United Kingdom,DOUGHNUT LIP GLOSS ,2012-01-02,399.5920620603568
23077,United Kingdom,DOUGHNUT LIP GLOSS ,2012-01-09,418.4784902818168
23077,United Kingdom,DOUGHNUT LIP GLOSS ,2012-01-16,418.4784902818168
23077,United Kingdom,DOUGHNUT LIP GLOSS ,2012-01-23,423.1334210605375
23077,United Kingdom,DOUGHNUT LIP GLOSS ,2012-01-30,584.882236525493
23084,United Kingdom,RABBIT NIGHT LIGHT,2011-12-12,1728.0705602730602
23084,United Kingdom,RABBIT NIGHT LIGHT,2011-12-19,1728.0705602730602
23084,United Kingdom,RABBIT NIGHT LIGHT,2011-12-26,1728.0705602730602
23084,United Kingdom,RABBIT NIGHT LIGHT,2012-01-02,944.0389255189255
23084,United Kingdom,RABBIT NIGHT LIGHT,2012-01-09,912.7000366300366
23084,United Kingdom,RABBIT NIGHT LIGHT,2012-01-16,745.0014255189255
23084,United Kingdom,RABBIT NIGHT LIGHT,2012-01-23,785.1653144078143
23084,United Kingdom,RABBIT NIGHT LIGHT,2012-01-30,1055.3103864734298
23166,United Kingdom,MEDIUM CERAMIC TOP STORAGE JAR,2011-12-12,127.54381917304431
23166,United Kingdom,MEDIUM CERAMIC TOP STORAGE JAR,2011-12-19,95.74189481047198
23166,United Kingdom,MEDIUM CERAMIC TOP STORAGE JAR,2011-12-26,79.44370273684066
23166,United Kingdom,MEDIUM CERAMIC TOP STORAGE JAR,2012-01-02,229.67635710077974
23166,United Kingdom,MEDIUM CERAMIC TOP STORAGE JAR,2012-01-09,284.2221226282511
23166,United Kingdom,MEDIUM CERAMIC TOP STORAGE JAR,2012-01-16,194.38318080533207
23166,United Kingdom,MEDIUM CERAMIC TOP STORAGE JAR,2012-01-23,178.39585072282858
23166,United Kingdom,MEDIUM CERAMIC TOP STORAGE JAR,2012-01-30,228.4324812677773
23199,United Kingdom,JUMBO BAG APPLES,2011-12-12,175.9011376584532
23199,United Kingdom,JUMBO BAG APPLES,2011-12-19,243.76297843350804
23199,United Kingdom,JUMBO BAG APPLES,2011-12-26,355.8649796361848
23199,United Kingdom,JUMBO BAG APPLES,2012-01-02,307.91246000147396
23199,United Kingdom,JUMBO BAG APPLES,2012-01-09,238.75245647808805
23199,United Kingdom,JUMBO BAG APPLES,2012-01-16,303.20309724045717
23199,United Kingdom,JUMBO BAG APPLES,2012-01-23,307.56012849045715
23199,United Kingdom,JUMBO BAG APPLES,2012-01-30,303.20309724045717
23201,United Kingdom,JUMBO BAG ALPHABET,2011-12-12,136.66254473039217
23201,United Kingdom,JUMBO BAG ALPHABET,2011-12-19,48.80878348704435
23201,United Kingdom,JUMBO BAG ALPHABET,2011-12-26,105.27261121856868
23201,United Kingdom,JUMBO BAG ALPHABET,2012-01-02,299.7383012947971
23201,United Kingdom,JUMBO BAG ALPHABET,2012-01-09,232.34053398459832
23201,United Kingdom,JUMBO BAG ALPHABET,2012-01-16,187.90207336499344
23201,United Kingdom,JUMBO BAG ALPHABET,2012-01-23,194.01255444686905
23201,United Kingdom,JUMBO BAG ALPHABET,2012-01-30,252.21398050108738
23202,United Kingdom,JUMBO BAG VINTAGE LEAF,2011-12-12,348.87024803859094
23202,United Kingdom,JUMBO BAG VINTAGE LEAF,2011-12-19,356.86188946222427
23202,United Kingdom,JUMBO BAG VINTAGE LEAF,2011-12-26,404.5774429563492
23202,United Kingdom,JUMBO BAG VINTAGE LEAF,2012-01-02,418.4784902818168
23202,United Kingdom,JUMBO BAG VINTAGE LEAF,2012-01-09,418.4784902818168
23202,United Kingdom,JUMBO BAG VINTAGE LEAF,2012-01-16,423.1334210605375
23202,United Kingdom,JUMBO BAG VINTAGE LEAF,2012-01-23,584.882236525493
23202,United Kingdom,JUMBO BAG VINTAGE LEAF,2012-01-30,591.1687690925428
23203,United Kingdom,JUMBO BAG VINTAGE DOILY ,2011-12-12,709.8289718614718
23203,United Kingdom,JUMBO BAG VINTAGE DOILY ,2011-12-19,676.5896031746031
23203,United Kingdom,JUMBO BAG VINTAGE DOILY ,2011-12-26,847.0123482726424
23203,United Kingdom,JUMBO BAG VINTAGE DOILY ,2012-01-02,570.422845971995
23203,United Kingdom,JUMBO BAG VINTAGE DOILY ,2012-01-09,452.8841384890017
23203,United Kingdom,JUMBO BAG VINTAGE DOILY ,2012-01-16,429.7217349351088
23203,United Kingdom,JUMBO BAG VINTAGE DOILY ,2012-01-23,560.0828878508205
23203,United Kingdom,JUMBO BAG VINTAGE DOILY ,2012-01-30,699.1240905336495
23206,United Kingdom,LUNCH BAG APPLE DESIGN,2011-12-12,102.21619739838619
23206,United Kingdom,LUNCH BAG APPLE DESIGN,2011-12-19,92.69513422427215
23206,United Kingdom,LUNCH BAG APPLE DESIGN,2011-12-26,75.79331604245397
23206,United Kingdom,LUNCH BAG APPLE DESIGN,2012-01-02,337.5952255222464
23206,United Kingdom,LUNCH BAG APPLE DESIGN,2012-01-09,149.71118111148246
23206,United Kingdom,LUNCH BAG APPLE DESIGN,2012-01-16,172.4640503400222
23206,United Kingdom,LUNCH BAG APPLE DESIGN,2012-01-23,172.725547948925
23206,United Kingdom,LUNCH BAG APPLE DESIGN,2012-01-30,217.6785893878369
23209,United Kingdom,LUNCH BAG VINTAGE DOILY ,2011-12-12,307.0998923879974
23209,United Kingdom,LUNCH BAG VINTAGE DOILY ,2011-12-19,324.99059926194695
23209,United Kingdom,LUNCH BAG VINTAGE DOILY ,2011-12-26,249.58203391846246
23209,United Kingdom,LUNCH BAG VINTAGE DOILY ,2012-01-02,252.51995470125797
23209,United Kingdom,LUNCH BAG VINTAGE DOILY ,2012-01-09,312.8409067642666
23209,United Kingdom,LUNCH BAG VINTAGE DOILY ,2012-01-16,312.8409067642666
23209,United Kingdom,LUNCH BAG VINTAGE DOILY ,2012-01-23,300.6043854714334
23209,United Kingdom,LUNCH BAG VINTAGE DOILY ,2012-01-30,306.8691668921984
23301,United Kingdom,GARDENERS KNEELING PAD KEEP CALM ,2011-12-12,933.7319805194805
23301,United Kingdom,GARDENERS KNEELING PAD KEEP CALM ,2011-12-19,1029.3768217893219
23301,United Kingdom,GARDENERS KNEELING PAD KEEP CALM ,2011-12-26,977.3869011544011
23301,United Kingdom,GARDENERS KNEELING PAD KEEP CALM ,2012-01-02,626.9318548118548
23301,United Kingdom,GARDENERS KNEELING PAD KEEP CALM ,2012-01-09,516.1959251066394
23301,United Kingdom,GARDENERS KNEELING PAD KEEP CALM ,2012-01-16,406.02216046702364
23301,United Kingdom,GARDENERS KNEELING PAD KEEP CALM ,2012-01-23,401.9495127128866
23301,United Kingdom,GARDENERS KNEELING PAD KEEP CALM ,2012-01-30,567.7788255109737
23307,United Kingdom,SET OF 60 PANTRY DESIGN CAKE CASES ,2011-12-12,303.80228539564615
23307,United Kingdom,SET OF 60 PANTRY DESIGN CAKE CASES ,2011-12-19,224.82633533133532
23307,United Kingdom,SET OF 60 PANTRY DESIGN CAKE CASES ,2011-12-26,196.2260008831748
23307,United Kingdom,SET OF 60 PANTRY DESIGN CAKE CASES ,2012-01-02,394.5278552339103
23307,United Kingdom,SET OF 60 PANTRY DESIGN CAKE CASES ,2012-01-09,246.43333189759247
23307,United Kingdom,SET OF 60 PANTRY DESIGN CAKE CASES ,2012-01-16,270.16963156860265
23307,United Kingdom,SET OF 60 PANTRY DESIGN CAKE CASES ,2012-01-23,251.2162063926386
23307,United Kingdom,SET OF 60 PANTRY DESIGN CAKE CASES ,2012-01-30,282.6038064400507
23310,United Kingdom,BUBBLEGUM RING ASSORTED,2011-12-12,311.66691441441446
23310,United Kingdom,BUBBLEGUM RING ASSORTED,2011-12-19,324.44012870012875
23310,United Kingdom,BUBBLEGUM RING ASSORTED,2011-12-26,350.99308072942887
23310,United Kingdom,BUBBLEGUM RING ASSORTED,2012-01-02,268.6132278546125
23310,United Kingdom,BUBBLEGUM RING ASSORTED,2012-01-09,426.94313615397067
23310,United Kingdom,BUBBLEGUM RING ASSORTED,2012-01-16,401.57115092588595
23310,United Kingdom,BUBBLEGUM RING ASSORTED,2012-01-23,482.75395347365674
23310,United Kingdom,BUBBLEGUM RING ASSORTED,2012-01-30,487.1106201403233
23344,United Kingdom,JUMBO BAG 50'S CHRISTMAS ,2011-12-12,1079.7478896103896
23344,United Kingdom,JUMBO BAG 50'S CHRISTMAS ,2011-12-19,977.3869011544011
23344,United Kingdom,JUMBO BAG 50'S CHRISTMAS ,2011-12-26,1633.9802824952826
23344,United Kingdom,JUMBO BAG 50'S CHRISTMAS ,2012-01-02,695.1818548118548
23344,United Kingdom,JUMBO BAG 50'S CHRISTMAS ,2012-01-09,875.5862992562992
23344,United Kingdom,JUMBO BAG 50'S CHRISTMAS ,2012-01-16,907.2985141790577
23344,United Kingdom,JUMBO BAG 50'S CHRISTMAS ,2012-01-23,823.2000366300366
23344,United Kingdom,JUMBO BAG 50'S CHRISTMAS ,2012-01-30,847.6619810744811
23843,United Kingdom,"PAPER CRAFT , LITTLE BIRDIE",2011-12-12,1571.028641081141
23843,United Kingdom,"PAPER CRAFT , LITTLE BIRDIE",2011-12-19,1384.3790007215007
23843,United Kingdom,"PAPER CRAFT , LITTLE BIRDIE",2011-12-26,1384.3790007215007
23843,United Kingdom,"PAPER CRAFT , LITTLE BIRDIE",2012-01-02,602.6905882352942
23843,United Kingdom,"PAPER CRAFT , LITTLE BIRDIE",2012-01-09,902.9451120448178
23843,United Kingdom,"PAPER CRAFT , LITTLE BIRDIE",2012-01-16,679.4232397504456
23843,United Kingdom,"PAPER CRAFT , LITTLE BIRDIE",2012-01-23,486.8272080044138
23843,United Kingdom,"PAPER CRAFT , LITTLE BIRDIE",2012-01-30,501.7379851531447
47566,United Kingdom,PARTY BUNTING,2011-12-12,23.029120879120878
47566,United Kingdom,PARTY BUNTING,2011-12-19,15.16462962962963
47566,United Kingdom,PARTY BUNTING,2011-12-26,17.481296296296296
47566,United Kingdom,PARTY BUNTING,2012-01-02,177.6106616871278
47566,United Kingdom,PARTY BUNTING,2012-01-09,358.78294041987135
47566,United Kingdom,PARTY BUNTING,2012-01-16,167.6780044545893
47566,United Kingdom,PARTY BUNTING,2012-01-23,186.3154160372595
47566,United Kingdom,PARTY BUNTING,2012-01-30,244.4383590414659
71459,United Kingdom,HANGING JAM JAR T-LIGHT HOLDERS,2011-12-12,98.73079979715418
71459,United Kingdom,HANGING JAM JAR T-LIGHT HOLDERS,2011-12-19,93.46334194220226
71459,United Kingdom,HANGING JAM JAR T-LIGHT HOLDERS,2011-12-26,93.46334194220226
71459,United Kingdom,HANGING JAM JAR T-LIGHT HOLDERS,2012-01-02,259.71841127445686
71459,United Kingdom,HANGING JAM JAR T-LIGHT HOLDERS,2012-01-09,288.3643586530958
71459,United Kingdom,HANGING JAM JAR T-LIGHT HOLDERS,2012-01-16,202.01883654303697
71459,United Kingdom,HANGING JAM JAR T-LIGHT HOLDERS,2012-01-23,188.26866393210582
71459,United Kingdom,HANGING JAM JAR T-LIGHT HOLDERS,2012-01-30,236.68354371531865
79321,United Kingdom,CHILLI LIGHTS,2011-12-12,134.372671990172
79321,United Kingdom,CHILLI LIGHTS,2011-12-19,244.68094371844373
79321,United Kingdom,CHILLI LIGHTS,2011-12-26,290.68931159432344
79321,United Kingdom,CHILLI LIGHTS,2012-01-02,274.72801301751394
79321,United Kingdom,CHILLI LIGHTS,2012-01-09,234.26943945992403
79321,United Kingdom,CHILLI LIGHTS,2012-01-16,281.89008025519195
79321,United Kingdom,CHILLI LIGHTS,2012-01-23,270.9375466657423
79321,United Kingdom,CHILLI LIGHTS,2012-01-30,266.57566646208846
82482,United Kingdom,WOODEN PICTURE FRAME WHITE FINISH,2011-12-12,71.6394698886078
82482,United Kingdom,WOODEN PICTURE FRAME WHITE FINISH,2011-12-19,31.494943663931007
82482,United Kingdom,WOODEN PICTURE FRAME WHITE FINISH,2011-12-26,19.23415611814346
82482,United Kingdom,WOODEN PICTURE FRAME WHITE FINISH,2012-01-02,123.22774540950566
82482,United Kingdom,WOODEN PICTURE FRAME WHITE FINISH,2012-01-09,292.7742834683089
82482,United Kingdom,WOODEN PICTURE FRAME WHITE FINISH,2012-01-16,141.66044889903372
82482,United Kingdom,WOODEN PICTURE FRAME WHITE FINISH,2012-01-23,176.68395591553673
82482,United Kingdom,WOODEN PICTURE FRAME WHITE FINISH,2012-01-30,155.4463006751487
84077,United Kingdom,WORLD WAR 2 GLIDERS ASSTD DESIGNS,2011-12-12,2062.6841103341103
84077,United Kingdom,WORLD WAR 2 GLIDERS ASSTD DESIGNS,2011-12-19,1786.5664912864916
84077,United Kingdom,WORLD WAR 2 GLIDERS ASSTD DESIGNS,2011-12-26,1564.7623246198248
84077,United Kingdom,WORLD WAR 2 GLIDERS ASSTD DESIGNS,2012-01-02,1258.7349134199135
84077,United Kingdom,WORLD WAR 2 GLIDERS ASSTD DESIGNS,2012-01-09,1355.7280952380952
84077,United Kingdom,WORLD WAR 2 GLIDERS ASSTD DESIGNS,2012-01-16,1230.6439285714284
84077,United Kingdom,WORLD WAR 2 GLIDERS ASSTD DESIGNS,2012-01-23,1230.6439285714284
84077,United Kingdom,WORLD WAR 2 GLIDERS ASSTD DESIGNS,2012-01-30,1091.0721753246753
84212,United Kingdom,"ASSORTED FLOWER COLOUR ""LEIS""",2011-12-12,127.85333333333332
84212,United Kingdom,"ASSORTED FLOWER COLOUR ""LEIS""",2011-12-19,82.23479869036952
84212,United Kingdom,"ASSORTED FLOWER COLOUR ""LEIS""",2011-12-26,104.54419643788658
84212,United Kingdom,"ASSORTED FLOWER COLOUR ""LEIS""",2012-01-02,177.68009933151058
84212,United Kingdom,"ASSORTED FLOWER COLOUR ""LEIS""",2012-01-09,262.67722772074023
84212,United Kingdom,"ASSORTED FLOWER COLOUR ""LEIS""",2012-01-16,173.50537756079763
84212,United Kingdom,"ASSORTED FLOWER COLOUR ""LEIS""",2012-01-23,209.5912520064739
84212,United Kingdom,"ASSORTED FLOWER COLOUR ""LEIS""",2012-01-30,227.92476354481815
84347,United Kingdom,ROTATING SILVER ANGELS T-LIGHT HLDR,2011-12-12,714.6271575646575
84347,United Kingdom,ROTATING SILVER ANGELS T-LIGHT HLDR,2011-12-19,1041.746360861361
84347,United Kingdom,ROTATING SILVER ANGELS T-LIGHT HLDR,2011-12-26,1114.5789035964035
84347,United Kingdom,ROTATING SILVER ANGELS T-LIGHT HLDR,2012-01-02,837.6619810744811
84347,United Kingdom,ROTATING SILVER ANGELS T-LIGHT HLDR,2012-01-09,756.8929607254606
84347,United Kingdom,ROTATING SILVER ANGELS T-LIGHT HLDR,2012-01-16,860.8545877095878
84347,United Kingdom,ROTATING SILVER ANGELS T-LIGHT HLDR,2012-01-23,860.8545877095878
84347,United Kingdom,ROTATING SILVER ANGELS T-LIGHT HLDR,2012-01-30,1043.92923992674
84568,United Kingdom,GIRLS ALPHABET IRON ON PATCHES ,2011-12-12,214.9797066671485
84568,United Kingdom,GIRLS ALPHABET IRON ON PATCHES ,2011-12-19,301.4983277317036
84568,United Kingdom,GIRLS ALPHABET IRON ON PATCHES ,2011-12-26,300.1677428047986
84568,United Kingdom,GIRLS ALPHABET IRON ON PATCHES ,2012-01-02,326.9376638546398
84568,United Kingdom,GIRLS ALPHABET IRON ON PATCHES ,2012-01-09,264.25619660461246
84568,United Kingdom,GIRLS ALPHABET IRON ON PATCHES ,2012-01-16,354.8220067987198
84568,United Kingdom,GIRLS ALPHABET IRON ON PATCHES ,2012-01-23,362.07109410030705
84568,United Kingdom,GIRLS ALPHABET IRON ON PATCHES ,2012-01-30,506.7119277620442
84755,United Kingdom,COLOUR GLASS T-LIGHT HOLDER HANGING,2011-12-12,92.29973653730735
84755,United Kingdom,COLOUR GLASS T-LIGHT HOLDER HANGING,2011-12-19,96.81540613797128
84755,United Kingdom,COLOUR GLASS T-LIGHT HOLDER HANGING,2011-12-26,99.21531751691491
84755,United Kingdom,COLOUR GLASS T-LIGHT HOLDER HANGING,2012-01-02,212.50027484969752
84755,United Kingdom,COLOUR GLASS T-LIGHT HOLDER HANGING,2012-01-09,248.03415031976246
84755,United Kingdom,COLOUR GLASS T-LIGHT HOLDER HANGING,2012-01-16,186.830690860303
84755,United Kingdom,COLOUR GLASS T-LIGHT HOLDER HANGING,2012-01-23,204.38344030597926
84755,United Kingdom,COLOUR GLASS T-LIGHT HOLDER HANGING,2012-01-30,284.7666613239442
84879,United Kingdom,ASSORTED COLOUR BIRD ORNAMENT,2011-12-12,1479.9049833499835
84879,United Kingdom,ASSORTED COLOUR BIRD ORNAMENT,2011-12-19,1860.7012531912533
84879,United Kingdom,ASSORTED COLOUR BIRD ORNAMENT,2011-12-26,1769.4855389055392
84879,United Kingdom,ASSORTED COLOUR BIRD ORNAMENT,2012-01-02,1026.4212992562993
84879,United Kingdom,ASSORTED COLOUR BIRD ORNAMENT,2012-01-09,1258.9986080586082
84879,United Kingdom,ASSORTED COLOUR BIRD ORNAMENT,2012-01-16,1055.2486080586082
84879,United Kingdom,ASSORTED COLOUR BIRD ORNAMENT,2012-01-23,1069.031108058608
84879,United Kingdom,ASSORTED COLOUR BIRD ORNAMENT,2012-01-30,851.4268548118547
84945,United Kingdom,MULTI COLOUR SILVER T-LIGHT HOLDER,2011-12-12,419.0146620699561
84945,United Kingdom,MULTI COLOUR SILVER T-LIGHT HOLDER,2011-12-19,662.5180377955378
84945,United Kingdom,MULTI COLOUR SILVER T-LIGHT HOLDER,2011-12-26,777.7837912087912
84945,United Kingdom,MULTI COLOUR SILVER T-LIGHT HOLDER,2012-01-02,562.7553501900686
84945,United Kingdom,MULTI COLOUR SILVER T-LIGHT HOLDER,2012-01-09,521.980182118556
84945,United Kingdom,MULTI COLOUR SILVER T-LIGHT HOLDER,2012-01-16,663.7397701546334
84945,United Kingdom,MULTI COLOUR SILVER T-LIGHT HOLDER,2012-01-23,804.9626850968341
84945,United Kingdom,MULTI COLOUR SILVER T-LIGHT HOLDER,2012-01-30,708.6114946206436
84946,United Kingdom,ANTIQUE SILVER T-LIGHT GLASS,2011-12-12,776.8901723276724
84946,United Kingdom,ANTIQUE SILVER T-LIGHT GLASS,2011-12-19,950.8084706959708
84946,United Kingdom,ANTIQUE SILVER T-LIGHT GLASS,2011-12-26,1114.5789035964035
84946,United Kingdom,ANTIQUE SILVER T-LIGHT GLASS,2012-01-02,837.6619810744811
84946,United Kingdom,ANTIQUE SILVER T-LIGHT GLASS,2012-01-09,763.6502256827256
84946,United Kingdom,ANTIQUE SILVER T-LIGHT GLASS,2012-01-16,732.0277256827256
84946,United Kingdom,ANTIQUE SILVER T-LIGHT GLASS,2012-01-23,867.6118526668527
84946,United Kingdom,ANTIQUE SILVER T-LIGHT GLASS,2012-01-30,894.8446774738264
84947,United Kingdom,ANTIQUE SILVER TEA GLASS ENGRAVED,2011-12-12,264.93664415197895
84947,United Kingdom,ANTIQUE SILVER TEA GLASS ENGRAVED,2011-12-19,297.2185498051301
84947,United Kingdom,ANTIQUE SILVER TEA GLASS ENGRAVED,2011-12-26,224.47235843769326
84947,United Kingdom,ANTIQUE SILVER TEA GLASS ENGRAVED,2012-01-02,248.93952548896382
84947,United Kingdom,ANTIQUE SILVER TEA GLASS ENGRAVED,2012-01-09,229.27336795676857
84947,United Kingdom,ANTIQUE SILVER TEA GLASS ENGRAVED,2012-01-16,298.3675216219402
84947,United Kingdom,ANTIQUE SILVER TEA GLASS ENGRAVED,2012-01-23,281.37254790725285
84947,United Kingdom,ANTIQUE SILVER TEA GLASS ENGRAVED,2012-01-30,263.38099390569886
84970S,United Kingdom,HANGING HEART ZINC T-LIGHT HOLDER,2011-12-12,95.87160971358483
84970S,United Kingdom,HANGING HEART ZINC T-LIGHT HOLDER,2011-12-19,79.44370273684066
84970S,United Kingdom,HANGING HEART ZINC T-LIGHT HOLDER,2011-12-26,79.44370273684066
84970S,United Kingdom,HANGING HEART ZINC T-LIGHT HOLDER,2012-01-02,224.31457083637224
84970S,United Kingdom,HANGING HEART ZINC T-LIGHT HOLDER,2012-01-09,315.6041265754645
84970S,United Kingdom,HANGING HEART ZINC T-LIGHT HOLDER,2012-01-16,204.39568080533206
84970S,United Kingdom,HANGING HEART ZINC T-LIGHT HOLDER,2012-01-23,189.06688834549348
84970S,United Kingdom,HANGING HEART ZINC T-LIGHT HOLDER,2012-01-30,219.90446279623774
84978,United Kingdom,HANGING HEART JAR T-LIGHT HOLDER,2011-12-12,199.44756156092973
84978,United Kingdom,HANGING HEART JAR T-LIGHT HOLDER,2011-12-19,200.16857377498212
84978,United Kingdom,HANGING HEART JAR T-LIGHT HOLDER,2011-12-26,241.28011258221755
84978,United Kingdom,HANGING HEART JAR T-LIGHT HOLDER,2012-01-02,281.0139921982277
84978,United Kingdom,HANGING HEART JAR T-LIGHT HOLDER,2012-01-09,341.44608379412534
84978,United Kingdom,HANGING HEART JAR T-LIGHT HOLDER,2012-01-16,255.5471257525754
84978,United Kingdom,HANGING HEART JAR T-LIGHT HOLDER,2012-01-23,278.24424838629636
84978,United Kingdom,HANGING HEART JAR T-LIGHT HOLDER,2012-01-30,312.8409067642666
84991,United Kingdom,60 TEATIME FAIRY CAKE CASES,2011-12-12,34.73705738705739
84991,United Kingdom,60 TEATIME FAIRY CAKE CASES,2011-12-19,130.33944444444447
84991,United Kingdom,60 TEATIME FAIRY CAKE CASES,2011-12-26,155.97132095336443
84991,United Kingdom,60 TEATIME FAIRY CAKE CASES,2012-01-02,281.52455433797206
84991,United Kingdom,60 TEATIME FAIRY CAKE CASES,2012-01-09,250.84497359812485
84991,United Kingdom,60 TEATIME FAIRY CAKE CASES,2012-01-16,242.4808213991767
84991,United Kingdom,60 TEATIME FAIRY CAKE CASES,2012-01-23,329.99042319098623
84991,United Kingdom,60 TEATIME FAIRY CAKE CASES,2012-01-30,267.20869385045444
84992,United Kingdom,72 SWEETHEART FAIRY CAKE CASES,2011-12-12,200.1931034406686
84992,United Kingdom,72 SWEETHEART FAIRY CAKE CASES,2011-12-19,213.10083071339585
84992,United Kingdom,72 SWEETHEART FAIRY CAKE CASES,2011-12-26,245.3687791334115
84992,United Kingdom,72 SWEETHEART FAIRY CAKE CASES,2012-01-02,330.1512136613074
84992,United Kingdom,72 SWEETHEART FAIRY CAKE CASES,2012-01-09,303.61540235880284
84992,United Kingdom,72 SWEETHEART FAIRY CAKE CASES,2012-01-16,241.61620639263865
84992,United Kingdom,72 SWEETHEART FAIRY CAKE CASES,2012-01-23,240.402332766265
84992,United Kingdom,72 SWEETHEART FAIRY CAKE CASES,2012-01-30,246.37407263833325
85099B,United Kingdom,JUMBO BAG RED RETROSPOT,2011-12-12,1475.5508816183815
85099B,United Kingdom,JUMBO BAG RED RETROSPOT,2011-12-19,1636.389027916528
85099B,United Kingdom,JUMBO BAG RED RETROSPOT,2011-12-26,1769.4855389055392
85099B,United Kingdom,JUMBO BAG RED RETROSPOT,2012-01-02,883.2947119547119
85099B,United Kingdom,JUMBO BAG RED RETROSPOT,2012-01-09,1286.2347191697193
85099B,United Kingdom,JUMBO BAG RED RETROSPOT,2012-01-16,1090.273608058608
85099B,United Kingdom,JUMBO BAG RED RETROSPOT,2012-01-23,1104.056108058608
85099B,United Kingdom,JUMBO BAG RED RETROSPOT,2012-01-30,871.4787992562993
85099C,United Kingdom,JUMBO  BAG BAROQUE BLACK WHITE,2011-12-12,369.3059452663641
85099C,United Kingdom,JUMBO  BAG BAROQUE BLACK WHITE,2011-12-19,283.33460397162037
85099C,United Kingdom,JUMBO  BAG BAROQUE BLACK WHITE,2011-12-26,224.47235843769326
85099C,United Kingdom,JUMBO  BAG BAROQUE BLACK WHITE,2012-01-02,242.38525378547462
85099C,United Kingdom,JUMBO  BAG BAROQUE BLACK WHITE,2012-01-09,274.578178734555
85099C,United Kingdom,JUMBO  BAG BAROQUE BLACK WHITE,2012-01-16,287.30617717236026
85099C,United Kingdom,JUMBO  BAG BAROQUE BLACK WHITE,2012-01-23,235.7564613326444
85099C,United Kingdom,JUMBO  BAG BAROQUE BLACK WHITE,2012-01-30,290.83529302114937
85099F,United Kingdom,JUMBO BAG STRAWBERRY,2011-12-12,30.05484126984127
85099F,United Kingdom,JUMBO BAG STRAWBERRY,2011-12-19,111.18232323232323
85099F,United Kingdom,JUMBO BAG STRAWBERRY,2011-12-26,66.12413772483431
85099F,United Kingdom,JUMBO BAG STRAWBERRY,2012-01-02,219.64018203997392
85099F,United Kingdom,JUMBO BAG STRAWBERRY,2012-01-09,270.45756206706164
85099F,United Kingdom,JUMBO BAG STRAWBERRY,2012-01-16,183.32541993576683
85099F,United Kingdom,JUMBO BAG STRAWBERRY,2012-01-23,190.44421290263548
85099F,United Kingdom,JUMBO BAG STRAWBERRY,2012-01-30,318.22828508869264
85123A,United Kingdom,WHITE HANGING HEART T-LIGHT HOLDER,2011-12-12,911.6575147075148
85123A,United Kingdom,WHITE HANGING HEART T-LIGHT HOLDER,2011-12-19,1149.7162418137418
85123A,United Kingdom,WHITE HANGING HEART T-LIGHT HOLDER,2011-12-26,1417.1399292374294
85123A,United Kingdom,WHITE HANGING HEART T-LIGHT HOLDER,2012-01-02,871.4787992562993
85123A,United Kingdom,WHITE HANGING HEART T-LIGHT HOLDER,2012-01-09,1046.9001454101456
85123A,United Kingdom,WHITE HANGING HEART T-LIGHT HOLDER,2012-01-16,907.1929262404262
85123A,United Kingdom,WHITE HANGING HEART T-LIGHT HOLDER,2012-01-23,1088.9900272700272
85123A,United Kingdom,WHITE HANGING HEART T-LIGHT HOLDER,2012-01-30,829.5893548118547
85152,United Kingdom,HAND OVER THE CHOCOLATE   SIGN ,2011-12-12,257.37210239036324
85152,United Kingdom,HAND OVER THE CHOCOLATE   SIGN ,2011-12-19,356.7258691684843
85152,United Kingdom,HAND OVER THE CHOCOLATE   SIGN ,2011-12-26,369.8730016605017
85152,United Kingdom,HAND OVER THE CHOCOLATE   SIGN ,2012-01-02,456.7432717282717
85152,United Kingdom,HAND OVER THE CHOCOLATE   SIGN ,2012-01-09,500.96905448375765
85152,United Kingdom,HAND OVER THE CHOCOLATE   SIGN ,2012-01-16,836.1098094242922
85152,United Kingdom,HAND OVER THE CHOCOLATE   SIGN ,2012-01-23,577.2354140859836
85152,United Kingdom,HAND OVER THE CHOCOLATE   SIGN ,2012-01-30,586.0304738235434
